,,,,,
DAFTAR CALON TETAP,,,,,
ANGGOTA DEWAN PERWAKILAN RAKYAT DAERAH D.I. YOGYAKARTA PEMILIHAN UMUM TAHUN 2014,,,,,
PROVINSI : D.I. YOGYAKARTA,,,,,
DAERAH PEMILIHAN : D.I. YOGYAKARTA 1,,,,,
MODEL BD 1,,,,,
"1
PARTAI NASDEM
",,,,,
NOMOR URUT,PAS FOTO,,NAMA LENGKAP,JENIS KELAMIN (L/P),KABUPATEN/KOTA (TEMPAT TINGGAL BAKAL CALON)
1,,,"Drs. AULIA REZA BASTIAN,
M. Hum.",L,KOTA YOGYAKARTA
2,,,"Dra. ERNI FEBRUARIA, M. Si.",P,SLEMAN
3,,,"Drs. WIBISONO JOKO HARTONO, MBA.",L,KOTA YOGYAKARTA
4,,,Dra. YULIANI,P,KOTA YOGYAKARTA
5,,,H. MUHAMMAD BS.,L,KOTA YOGYAKARTA
6,,,"MUHAMMAD HARYO SUBODRO, BSc.",L,KOTA YOGYAKARTA
7,,,"HENI NURVITA, S.P., M.M.",P,KOTA YOGYAKARTA
"JUMLAH LAKI-LAKI: 4 JUMLAH PEREMPUAN: 3 PROSENTASE PEREMPUAN: 42,9%",,,,,
"2
PARTAI KEBANGKITAN BANGSA
",,,,,
NOMOR URUT,PAS FOTO,,NAMA LENGKAP,JENIS KELAMIN (L/P),KABUPATEN/KOTA (TEMPAT TINGGAL BAKAL CALON)
1,,,"JONI SUHERMAN, S.H.I.",L,TASIKMALAYA
2,,,YUNIANTO BUDI SETIAWAN,L,KOTA YOGYAKARTA
3,,,"Dra. Hj. ATIE SURATI, M.M.",P,KOTA YOGYAKARTA
4,,,Drs. ABDUL KHALIM,L,KOTA YOGYAKARTA
5,,,SUGENG NUGRAINI,P,KOTA YOGYAKARTA
6,,,MOCH. ARIF WIDODO,L,KULONPROGO
7,,,MARWATI,P,SLEMAN
"JUMLAH LAKI-LAKI: 4 JUMLAH PEREMPUAN: 3 PROSENTASE PEREMPUAN: 42,9%",,,,,
"3
PARTAI KEADILAN SEJAHTERA
",,,,,
NOMOR URUT,PAS FOTO,,NAMA LENGKAP,JENIS KELAMIN (L/P),KABUPATEN/KOTA (TEMPAT TINGGAL BAKAL CALON)
1,,,"H. MUHAMMAD ZUHRIF HUDAYA, S.T.",L,KOTA YOGYAKARTA
2,,,"Ir. EKA YAWARA, M.T.",L,KOTA YOGYAKARTA
3,,,"WAHYU TUSI WARDANI, S.Si., Apt.",P,KOTA YOGYAKARTA
4,,,TRIYONO HARI KUNCORO,L,KOTA YOGYAKARTA
5,,,"DWI ESTININGSIH, S.Psi.,
M.Psi.",P,KOTA YOGYAKARTA
6,,,ANIESA NORMA DANTIE,P,BANTUL
7,,,"ARIADI, S. Ag.",L,KOTA YOGYAKARTA
"JUMLAH LAKI-LAKI: 4 JUMLAH PEREMPUAN: 3 PROSENTASE PEREMPUAN: 42,9%",,,,,
"4
PARTAI DEMOKRASI INDONESIA PERJUANGAN
",,,,,
NOMOR URUT,PAS FOTO,,NAMA LENGKAP,JENIS KELAMIN (L/P),KABUPATEN/KOTA (TEMPAT TINGGAL BAKAL CALON)
1,,,"EKO SUWANTO, S.T., M.Si.",L,KOTA YOGYAKARTA
2,,,SUPARDI ANTONO,L,KOTA YOGYAKARTA
3,,,DIAH IRAWATI S,P,KOTA YOGYAKARTA
4,,,"R.B. DWI WAHYU B., S.Pd., M.Si.",L,KOTA YOGYAKARTA
5,,,"CHANG WENDRYANTO, S.H.",L,KOTA YOGYAKARTA
6,,,DARINI,P,KOTA YOGYAKARTA
7,,,NURÕAINI,P,KOTA YOGYAKARTA
"JUMLAH LAKI-LAKI: 4 JUMLAH PEREMPUAN: 3 PROSENTASE PEREMPUAN: 42,9%",,,,,
"5
PARTAI GOLONGAN KARYA
",,,,,
NOMOR URUT,PAS FOTO,,NAMA LENGKAP,JENIS KELAMIN (L/P),KABUPATEN/KOTA (TEMPAT TINGGAL BAKAL CALON)
1,,,Drs. JOHANES SERANG KEBAN,L,KOTA YOGYAKARTA
2,,,"R. BAGUS SUMBARJA, S.Sos.",L,KOTA YOGYAKARTA
3,,,NURJANAH,P,KOTA YOGYAKARTA
4,,,Drs. H. HARYADI,L,KOTA YOGYAKARTA
5,,,"R. DJOKO WIDODO, S.H.",L,KOTA YOGYAKARTA
6,,,"KUSJAYATI, S.Pd.",P,KOTA YOGYAKARTA
7,,,"ANDI NUR HIKMAH, S.E.",P,KOTA YOGYAKARTA
"JUMLAH LAKI-LAKI: 4 JUMLAH PEREMPUAN: 3 PROSENTASE PEREMPUAN: 42,9%",,,,,
"6
PARTAI GERAKAN INDONESIA RAYA
",,,,,
NOMOR URUT,PAS FOTO,,NAMA LENGKAP,JENIS KELAMIN (L/P),KABUPATEN/KOTA (TEMPAT TINGGAL BAKAL CALON)
1,,,"ANTON PRABU SEMENDAWAI, S.H.",L,KOTA YOGYAKARTA
2,,,"ONI WANTARA, S.E.",L,KOTA YOGYAKARTA
3,,,Hj. SRI WAHYUNI LESTARI KUSUMAH,P,KOTA YOGYAKARTA
4,,,"ANDREAS BUDI SUSETIA, S.E., M.H.",L,KOTA YOGYAKARTA
5,,,TITIK SATMOKO WINARNI,P,KOTA YOGYAKARTA
6,,,"R.M. SINARBIYATNUJANAT, S.E.",L,KOTA YOGYAKARTA
,,,,,
"JUMLAH LAKI-LAKI: 4 JUMLAH PEREMPUAN: 2 PROSENTASE PEREMPUAN: 33,3%",,,,,
"7
PARTAI DEMOKRAT
",,,,,
NOMOR URUT,PAS FOTO,,NAMA LENGKAP,JENIS KELAMIN (L/P),KABUPATEN/KOTA (TEMPAT TINGGAL BAKAL CALON)
1,,,Kol. (Purn.) H. SUKEDI,L,SLEMAN
2,,,"ZULFITRI ADLI, S.H.",L,KOTA YOGYAKARTA
3,,,"MIA PURNAMASARI, S.T.",P,SLEMAN
4,,,SLAMET RIYANTO,L,KOTA YOGYAKARTA
5,,,"YULI WIDIASTUTI, S.E.",P,KULON PROGO
6,,,SRI PRASETYANINGSIH,P,SLEMAN
7,,,"R. AGUNG PRASETYO, S.E.",L,KOTA YOGYAKARTA
"JUMLAH LAKI-LAKI: 4 JUMLAH PEREMPUAN: 3 PROSENTASE PEREMPUAN: 42,9%",,,,,
"8
PARTAI AMANAT NASIONAL
",,,,,
NOMOR URUT,PAS FOTO,,NAMA LENGKAP,JENIS KELAMIN (L/P),KABUPATEN/KOTA (TEMPAT TINGGAL BAKAL CALON)
1,,,"ARIF NOOR HARTANTO, S.IP.",L,KOTA YOGYAKARTA
2,,,"ARNABUN, S.E., M.M.",P,BANTUL
3,,,"SITI MUSLIKHATUN, S.H.",P,KOTA YOGYAKARTA
4,,,Drs. A. HAZAIRIEN OEZA,L,KOTA YOGYAKARTA
5,,,"IRIAWAN ARGO WIDODO, S.IP.",L,KOTA YOGYAKARTA
6,,,"RINI NOVI ASTUTI, S.H.",P,KOTA YOGYAKARTA
7,,,AGUNG NUGROHO,L,KOTA YOGYAKARTA
"JUMLAH LAKI-LAKI: 4 JUMLAH PEREMPUAN: 3 PROSENTASE PEREMPUAN: 42,9%",,,,,
"9
PARTAI PERSATUAN PEMBANGUNAN
",,,,,
NOMOR URUT,PAS FOTO,,NAMA LENGKAP,JENIS KELAMIN (L/P),KABUPATEN/KOTA (TEMPAT TINGGAL BAKAL CALON)
1,,,H.M. ROZI AMIN,L,KOTA YOGYAKARTA
2,,,"SITI ASKIYAH VITAYATI, S.Pd.I.",P,KOTA YOGYAKARTA
3,,,ABD. SAMIK,L,KOTA YOGYAKARTA
4,,,"RETNO ARGIANTI, S.H.",P,KOTA YOGYAKARTA
5,,,"M. ZAKI SIERRAD, S.H., M.H.",L,KOTA YOGYAKARTA
6,,,MEILAN PUSPITA SARI,P,SLEMAN
7,,,SULAIMAN R. MUCHTAR,L,KOTA YOGYAKARTA
"JUMLAH LAKI-LAKI: 4 JUMLAH PEREMPUAN: 3 PROSENTASE PEREMPUAN: 42,9%",,,,,
"10
PARTAI HATI NURANI RAKYAT
",,,,,
NOMOR URUT,PAS FOTO,,NAMA LENGKAP,JENIS KELAMIN (L/P),KABUPATEN/KOTA (TEMPAT TINGGAL BAKAL CALON)
1,,,Drs. GUNAWAN,L,BANTUL
2,,,Dra. ENI RATIH DEWANTI,P,KOTA YOGYAKARTA
3,,,"ASTUTININGSIH, S.H.",P,KOTA YOGYAKARTA
4,,,YUDI IRAWANTO,L,KOTA YOGYAKARTA
5,,,RUDHI WURYANTORO,L,KOTA YOGYAKARTA
6,,,"YOGI EKO SETYAWAN,
S.Farm., Apt.",L,KOTA YOGYAKARTA
,,,,,
"JUMLAH LAKI-LAKI: 4 JUMLAH PEREMPUAN: 2 PROSENTASE PEREMPUAN: 33,3%",,,,,
"14
PARTAI BULAN BINTANG
",,,,,
NOMOR URUT,PAS FOTO,,NAMA LENGKAP,JENIS KELAMIN (L/P),KABUPATEN/KOTA (TEMPAT TINGGAL BAKAL CALON)
1,,,HARRY YUSTISIANTO,L,KOTA YOGYAKARTA
2,,,"NOOR IEDA, S.E.",P,KOTA YOGYAKARTA
3,,,MASYITAH SYARIF,P,SLEMAN
,,,,,
,,,,,
,,,,,
,,,,,
"JUMLAH LAKI-LAKI: 1 JUMLAH PEREMPUAN: 2 PROSENTASE PEREMPUAN: 66,7%",,,,,
"15
PARTAI KEADILAN DAN PERSATUAN INDONESIA
",,,,,
NOMOR URUT,PAS FOTO,,NAMA LENGKAP,JENIS KELAMIN (L/P),KABUPATEN/KOTA (TEMPAT TINGGAL BAKAL CALON)
1,,,"YULIA MARGARET YATUHIDIKA, S.IP.",P,KOTA YOGYAKARTA
2,,,MUHAMMAD TAHER,L,KOTA YOGYAKARTA
3,,,"BAMBANG EDY PRASETYO, S.IP.",L,KOTA YOGYAKARTA
,,,,,
,,,,,
,,,,,
,,,,,
"JUMLAH LAKI-LAKI: 2 JUMLAH PEREMPUAN: 1 PROSENTASE PEREMPUAN: 33,3%",,,,,
,,,,,
DAFTAR CALON TETAP,,,,,
ANGGOTA DEWAN PERWAKILAN RAKYAT DAERAH D.I. YOGYAKARTA PEMILIHAN UMUM TAHUN 2014,,,,,
PROVINSI : D.I. YOGYAKARTA,,,,,
DAERAH PEMILIHAN : D.I. YOGYAKARTA 2,,,,,
MODEL BD 1,,,,,
"1
PARTAI NASDEM
",,,,,
NOMOR URUT,PAS FOTO,,NAMA LENGKAP,JENIS KELAMIN (L/P),KABUPATEN/KOTA (TEMPAT TINGGAL BAKAL CALON)
1,,,Drs. SETI WIDODO,L,BANTUL
2,,,TUTIK YANUARTI,P,KOTA YOGYAKARTA
3,,,DIDA NURSAIDA,P,BANTUL
4,,,"SURADJI, S.H.",L,BANTUL
5,,,"CHRISPINA L.C WIDYASTANTRI, S.T.",P,SURAKARTA
6,,,"TEGUH HARTONO, S. Sos.",L,KOTA YOGYAKARTA
7,,,"SINGGIH MARYANTO, B.A.",L,KOTA YOGYAKARTA
"JUMLAH LAKI-LAKI: 4 JUMLAH PEREMPUAN: 3 PROSENTASE PEREMPUAN: 42,9%",,,,,
"2
PARTAI KEBANGKITAN BANGSA
",,,,,
NOMOR URUT,PAS FOTO,,NAMA LENGKAP,JENIS KELAMIN (L/P),KABUPATEN/KOTA (TEMPAT TINGGAL BAKAL CALON)
1,,,Drs. ASLAM RIDLO,L,BANTUL
2,,,H. ABDUL HALIM MUSLIH,L,BANTUL
3,,,SRI WINDARTIK,P,BANTUL
4,,,EDY SULISTYO,L,BANTUL
5,,,ROHMANTI,P,BANTUL
6,,,ALIF MUSDALIFAH,P,BANTUL
7,,,WALJUKI,L,BANTUL
"JUMLAH LAKI-LAKI: 4 JUMLAH PEREMPUAN: 3 PROSENTASE PEREMPUAN: 42,9%",,,,,
"3
PARTAI KEADILAN SEJAHTERA
",,,,,
NOMOR URUT,PAS FOTO,,NAMA LENGKAP,JENIS KELAMIN (L/P),KABUPATEN/KOTA (TEMPAT TINGGAL BAKAL CALON)
1,,,MUH. WAJDI RAHMAN,L,BANTUL
2,,,"AGUS SUMARTONO, S.Si.",L,BANTUL
3,,,"WENING ARYANI WISNU GIYONO, S.H.",P,BANTUL
4,,,MOHAMMAD ABDILLAH,L,BANTUL
5,,,"ALFI NI'MAH MAARIF, S.Ag.",P,BANTUL
6,,,SLAMET RAHARJO,L,BANTUL
7,,,HAPPY KHOIRONI,P,BANTUL
"JUMLAH LAKI-LAKI: 4 JUMLAH PEREMPUAN: 3 PROSENTASE PEREMPUAN: 42,9%",,,,,
"4
PARTAI DEMOKRASI INDONESIA PERJUANGAN
",,,,,
NOMOR URUT,PAS FOTO,,NAMA LENGKAP,JENIS KELAMIN (L/P),KABUPATEN/KOTA (TEMPAT TINGGAL BAKAL CALON)
1,,,"H. YOEKE INDRA AL, S.E.",L,BANTUL
2,,,SRI WAHYU SARASWATI,P,BANTUL
3,,,"EDY SUMARMI, S.T.",P,BANTUL
4,,,"TUSTIYANI, S.H.",P,BANTUL
5,,,Ir. ANDRIE SUBIANTORO,L,KOTA YOGYAKARTA
6,,,"TRI MURYAMINI, S.IP.",P,BANTUL
7,,,YULIANTO SIGIT WIBOWO,L,KOTA YOGYAKARTA
"JUMLAH LAKI-LAKI: 3 JUMLAH PEREMPUAN: 4 PROSENTASE PEREMPUAN: 57,1%",,,,,
"5
PARTAI GOLONGAN KARYA
",,,,,
NOMOR URUT,PAS FOTO,,NAMA LENGKAP,JENIS KELAMIN (L/P),KABUPATEN/KOTA (TEMPAT TINGGAL BAKAL CALON)
1,,,"ERWIN NIZAR, S.Psi., M.Si.",L,BANTUL
2,,,Dra. Hj. MASKANAH,P,BANTUL
3,,,Drs. H. JOKO JUMENO WS,L,BANTUL
4,,,Drs. H. SUWARDI,L,BANTUL
5,,,"SUPARJANA, S.Pd., M.T.",L,BANTUL
6,,,"NAJIBAH, S.E.",P,BANTUL
7,,,"TUTI HARYATI, S.E.",P,BANTUL
"JUMLAH LAKI-LAKI: 4 JUMLAH PEREMPUAN: 3 PROSENTASE PEREMPUAN: 42,9%",,,,,
"6
PARTAI GERAKAN INDONESIA RAYA
",,,,,
NOMOR URUT,PAS FOTO,,NAMA LENGKAP,JENIS KELAMIN (L/P),KABUPATEN/KOTA (TEMPAT TINGGAL BAKAL CALON)
1,,,"H. YOSERIZAL, S.H.",L,KOTA YOGYAKARTA
2,,,"MARWOTO HADI, S.H.",L,KOTA YOGYAKARTA
3,,,"Hj. ANI LISTYAWATI, S.H.",P,BANTUL
4,,,M.M. KRISTIANTI ARRY WARDHANI,P,BANTUL
5,,,"ARUM KUSUMANINGTIAS, S.E.",P,BANTUL
6,,,SUBARJA,L,BANTUL
7,,,EDHIE WIBOWO,L,KOTA YOGYAKARTA
"JUMLAH LAKI-LAKI: 4 JUMLAH PEREMPUAN: 3 PROSENTASE PEREMPUAN: 42,9%",,,,,
"7
PARTAI DEMOKRAT
",,,,,
NOMOR URUT,PAS FOTO,,NAMA LENGKAP,JENIS KELAMIN (L/P),KABUPATEN/KOTA (TEMPAT TINGGAL BAKAL CALON)
1,,,"ENDANG SUKARYATI, S.Sn.",P,BANTUL
2,,,Drs. H. SUHAIMI SYUKUR,L,BANTUL
3,,,TEDDY,L,BANTUL
4,,,"JASANTA PERANGIN ANGIN, S.E., M.M.",L,BANTUL
5,,,NOOR ISMONO,L,KOTA YOGYAKARTA
6,,,SARI WIJAYANTI,P,SLEMAN
7,,,MARDIANA WATI,P,KOTA YOGYAKARTA
"JUMLAH LAKI-LAKI: 4 JUMLAH PEREMPUAN: 3 PROSENTASE PEREMPUAN: 42,9%",,,,,
"8
PARTAI AMANAT NASIONAL
",,,,,
NOMOR URUT,PAS FOTO,,NAMA LENGKAP,JENIS KELAMIN (L/P),KABUPATEN/KOTA (TEMPAT TINGGAL BAKAL CALON)
1,,,"SUHARWANTA, S.T.",L,BANTUL
2,,,"RUSTAM FATONI, S.Pd.",L,BANTUL
3,,,"AMIN BUDIATI, S.Pd.I.",P,BANTUL
4,,,RUSLIYANTI,P,BANTUL
5,,,"INGGIT FANDAYATI, S.S.",P,BANTUL
6,,,RIDWAN SUDIYANTO,L,BANTUL
7,,,SUHARYANI,P,BANTUL
"JUMLAH LAKI-LAKI: 3 JUMLAH PEREMPUAN: 4 PROSENTASE PEREMPUAN: 57,1%",,,,,
"9
PARTAI PERSATUAN PEMBANGUNAN
",,,,,
NOMOR URUT,PAS FOTO,,NAMA LENGKAP,JENIS KELAMIN (L/P),KABUPATEN/KOTA (TEMPAT TINGGAL BAKAL CALON)
1,,,"IMAM GHOZALI, S.Ag., M.A.",L,BANTUL
2,,,Drs. H. HASYIM TURMUDZI,L,KOTA YOGYAKARTA
3,,,Ir. Hj. KUNI AFFIFAH,P,KOTA YOGYAKARTA
4,,,"MARIAH, S.Ag.",P,BANTUL
5,,,TUSIMAN,L,BANTUL
6,,,AGUSTINA NISA AKMALA,P,BANTUL
7,,,DARU KAWANTARA,L,BANTUL
"JUMLAH LAKI-LAKI: 4 JUMLAH PEREMPUAN: 3 PROSENTASE PEREMPUAN: 42,9%",,,,,
"10
PARTAI HATI NURANI RAKYAT
",,,,,
NOMOR URUT,PAS FOTO,,NAMA LENGKAP,JENIS KELAMIN (L/P),KABUPATEN/KOTA (TEMPAT TINGGAL BAKAL CALON)
1,,,GAZALI,L,SLEMAN
2,,,SUPRIYATI,P,BANTUL
3,,,ANDI RUDIN SITOPAN,L,BANTUL
4,,,"FITRA SARI, S.Si.",P,BANTUL
5,,,Drs. M.M. WURI HARTONO,L,KOTA YOGYAKARTA
6,,,R. TUGAS BARUNO,L,SLEMAN
,,,,,
"JUMLAH LAKI-LAKI: 4 JUMLAH PEREMPUAN: 2 PROSENTASE PEREMPUAN: 33,3%",,,,,
"14
PARTAI BULAN BINTANG
",,,,,
NOMOR URUT,PAS FOTO,,NAMA LENGKAP,JENIS KELAMIN (L/P),KABUPATEN/KOTA (TEMPAT TINGGAL BAKAL CALON)
1,,,VIRA WIJAYA KUSUMA,L,KOTA YOGYAKARTA
2,,,FEBRIANI WAHYUSARI N,P,KOTA YOGYAKARTA
3,,,ADAT MUNTAHA,L,SLEMAN
,,,,,
,,,,,
,,,,,
,,,,,
"JUMLAH LAKI-LAKI: 2 JUMLAH PEREMPUAN: 1 PROSENTASE PEREMPUAN: 33,3%",,,,,
"15
PARTAI KEADILAN DAN PERSATUAN INDONESIA
",,,,,
NOMOR URUT,PAS FOTO,,NAMA LENGKAP,JENIS KELAMIN (L/P),KABUPATEN/KOTA (TEMPAT TINGGAL BAKAL CALON)
1,,,"Drs. SURADI, M.Par.",L,BANTUL
2,,,"PETRUS SOENARTO, S.E., M.Sc.",L,SLEMAN
3,,,LANI WULANDARI,P,KOTA YOGYAKARTA
,,,,,
,,,,,
,,,,,
,,,,,
"JUMLAH LAKI-LAKI: 2 JUMLAH PEREMPUAN: 1 PROSENTASE PEREMPUAN: 33,3%",,,,,
,,,,,
DAFTAR CALON TETAP,,,,,
ANGGOTA DEWAN PERWAKILAN RAKYAT DAERAH D.I. YOGYAKARTA PEMILIHAN UMUM TAHUN 2014,,,,,
PROVINSI : D.I. YOGYAKARTA,,,,,
DAERAH PEMILIHAN : D.I. YOGYAKARTA 3,,,,,
MODEL BD 1,,,,,
"1
PARTAI NASDEM
",,,,,
NOMOR URUT,PAS FOTO,,NAMA LENGKAP,JENIS KELAMIN (L/P),KABUPATEN/KOTA (TEMPAT TINGGAL BAKAL CALON)
1,,,SURYO PUTRO NUGROHO,L,BANTUL
2,,,"Drs. H. ALIYANTO, M.Pd.",L,BANTUL
3,,,AYU PUSPITA ARRY ROCHMA NIDICI,P,KOTA YOGYAKARTA
4,,,"R. SURYO HARDIHANDOYO, S.Sn.",L,BANTUL
5,,,"Drs. MAHIDIN ATIEN DESKY, S.H.",L,BANTUL
6,,,"RIRIN SULYANI, S.E., Akt.",P,KOTA YOGYAKARTA
"JUMLAH LAKI-LAKI: 4 JUMLAH PEREMPUAN: 2 PROSENTASE PEREMPUAN: 33,3%",,,,,
"2
PARTAI KEBANGKITAN BANGSA
",,,,,
NOMOR URUT,PAS FOTO,,NAMA LENGKAP,JENIS KELAMIN (L/P),KABUPATEN/KOTA (TEMPAT TINGGAL BAKAL CALON)
1,,,K.H. CHUDLORI AZ.,L,BANTUL
2,,,"UMARUDDIN MASDAR, S.Ag.",L,BANTUL
3,,,"SITI IFADAH, S.Ag.",P,BANTUL
4,,,JUMAKIR,L,BANTUL
5,,,ISTI MAFTUFAH,P,BANTUL
6,,,PANCA KURNIAWAN,L,BANTUL
"JUMLAH LAKI-LAKI: 4 JUMLAH PEREMPUAN: 2 PROSENTASE PEREMPUAN: 33,3%",,,,,
"3
PARTAI KEADILAN SEJAHTERA
",,,,,
NOMOR URUT,PAS FOTO,,NAMA LENGKAP,JENIS KELAMIN (L/P),KABUPATEN/KOTA (TEMPAT TINGGAL BAKAL CALON)
1,,,"ARIF HARYANTO, S.Si.",L,BANTUL
2,,,ARIF RAHMAN HAKIM,L,BANTUL
3,,,"MAHMUDAH, AMK.",P,BANTUL
4,,,SARMUJI MULYONO,L,BANTUL
5,,,INDARTO,L,BANTUL
6,,,"NUR MUSLIHATUL AMANAH, S.Si.",P,SLEMAN
"JUMLAH LAKI-LAKI: 4 JUMLAH PEREMPUAN: 2 PROSENTASE PEREMPUAN: 33,3%",,,,,
"4
PARTAI DEMOKRASI INDONESIA PERJUANGAN
",,,,,
NOMOR URUT,PAS FOTO,,NAMA LENGKAP,JENIS KELAMIN (L/P),KABUPATEN/KOTA (TEMPAT TINGGAL BAKAL CALON)
1,,,"KPH. PURBODININGRAT, S.E., MBA.",L,KOTA YOGYAKARTA
2,,,"UMINTO GIRING WIBOWO, S.E., M.M., M.H.",L,BANTUL
3,,,"SITI NOOR AFIFAH, S.E.",P,BANTUL
4,,,JOKO B. PURNOMO,L,BANTUL
5,,,"Hj. DWI SUYAMTI, A.Md.Keb.",P,KOTA YOGYAKARTA
6,,,HARRY SANTOSA AZMARA,L,KOTA YOGYAKARTA
"JUMLAH LAKI-LAKI: 4 JUMLAH PEREMPUAN: 2 PROSENTASE PEREMPUAN: 33,3%",,,,,
"5
PARTAI GOLONGAN KARYA
",,,,,
NOMOR URUT,PAS FOTO,,NAMA LENGKAP,JENIS KELAMIN (L/P),KABUPATEN/KOTA (TEMPAT TINGGAL BAKAL CALON)
1,,,Drs. H. AGUS SUBAGYO,L,BANTUL
2,,,"SLAMET BAGYA, S.E., S.IP.",L,BANTUL
3,,,"Hj. FARIANI SYARIFAH, S.T.",P,KOTA YOGYAKARTA
4,,,"SARONO, S.IP.",L,BANTUL
5,,,"WAHYU WIDAYATI, S.Pd.",P,SLEMAN
6,,,"MAYANG DYAH ANGGRAENI, S.Pd.",P,SLEMAN
JUMLAH LAKI-LAKI: 3 JUMLAH PEREMPUAN: 3 PROSENTASE PEREMPUAN: 50%,,,,,
"6
PARTAI GERAKAN INDONESIA RAYA
",,,,,
NOMOR URUT,PAS FOTO,,NAMA LENGKAP,JENIS KELAMIN (L/P),KABUPATEN/KOTA (TEMPAT TINGGAL BAKAL CALON)
1,,,Ir. AGUNG BRITANTONO,L,BANTUL
2,,,"GUNAWAN, S.H.",L,BANTUL
3,,,"TRI WAHYUNI, A.Md.",P,BANTUL
4,,,SRI LESTARI,P,SLEMAN
5,,,M. PRANASIK FAIHAAN,L,BANTUL
6,,,"DANANG WAHYU BROTO, S.E., M.Si.",L,KOTA YOGYAKARTA
"JUMLAH LAKI-LAKI: 4 JUMLAH PEREMPUAN: 2 PROSENTASE PEREMPUAN: 33,3%",,,,,
"7
PARTAI DEMOKRAT
",,,,,
NOMOR URUT,PAS FOTO,,NAMA LENGKAP,JENIS KELAMIN (L/P),KABUPATEN/KOTA (TEMPAT TINGGAL BAKAL CALON)
1,,,"Ir. GATOT SETYO SUSILO, M.M.",L,BANTUL
2,,,"CAHYADI FITRI, S.E.",L,BANTUL
3,,,ZAIROTIN KHASANAH. S.Tp.,P,BANTUL
4,,,"Ir. PETRUS LADA RIGO, M.M.",L,KOTA YOGYAKARTA
5,,,"Ir. YULIUS MARZANI, M.Si.",L,BANTUL
6,,,"NINDYANI VERANITA, S.Pd.",P,BANTUL
"JUMLAH LAKI-LAKI: 4 JUMLAH PEREMPUAN: 2 PROSENTASE PEREMPUAN: 33,3%",,,,,
"8
PARTAI AMANAT NASIONAL
",,,,,
NOMOR URUT,PAS FOTO,,NAMA LENGKAP,JENIS KELAMIN (L/P),KABUPATEN/KOTA (TEMPAT TINGGAL BAKAL CALON)
1,,,"PARYANTO, S.Ag.",L,BANTUL
2,,,Ir. ATMAJI,L,BANTUL
3,,,"ANDARTI PUJIASTUTI, S.E.",P,BANTUL
4,,,FANI SATRIA,L,KOTA YOGYAKARTA
5,,,AMALIYA HASANATUN,P,BANTUL
6,,,M. GONDO RATANGIN,L,KOTA YOGYAKARTA
"JUMLAH LAKI-LAKI: 4 JUMLAH PEREMPUAN: 2 PROSENTASE PEREMPUAN: 33,3%",,,,,
"9
PARTAI PERSATUAN PEMBANGUNAN
",,,,,
NOMOR URUT,PAS FOTO,,NAMA LENGKAP,JENIS KELAMIN (L/P),KABUPATEN/KOTA (TEMPAT TINGGAL BAKAL CALON)
1,,,Drs. H. EDY SUSILA,L,BANTUL
2,,,Dra. SITI NURJANAH,P,BANTUL
3,,,"H. AHMAD RIFQI AL MUBARROK, S.S.",L,SLEMAN
4,,,BANGUN NILAI PASMASARI KHOP,P,BANTUL
5,,,dr. H. MUH. ANWAR PRANOWO,L,BANTUL
6,,,Drs. H. MUSLIH ILYAS,L,BANTUL
"JUMLAH LAKI-LAKI: 4 JUMLAH PEREMPUAN: 2 PROSENTASE PEREMPUAN: 33,3%",,,,,
"10
PARTAI HATI NURANI RAKYAT
",,,,,
NOMOR URUT,PAS FOTO,,NAMA LENGKAP,JENIS KELAMIN (L/P),KABUPATEN/KOTA (TEMPAT TINGGAL BAKAL CALON)
1,,,"ANHAR RUSLI, S.H.",L,KOTA YOGYAKARTA
2,,,HENDRA HARSONO,L,BANTUL
3,,,"OKTAVIA ZAMHARIN, S.Psi.",P,KOTA YOGYAKARTA
4,,,"SEKAR AYU PERMATA PUTRI, S.T.",P,KOTA YOGYAKARTA
5,,,"Drs. SUTOMO SUTOPO, M.M.",L,BANYUMAS
6,,,Drs. SUDARTOYO,L,BANTUL
"JUMLAH LAKI-LAKI: 4 JUMLAH PEREMPUAN: 2 PROSENTASE PEREMPUAN: 33,3%",,,,,
"14
PARTAI BULAN BINTANG
",,,,,
NOMOR URUT,PAS FOTO,,NAMA LENGKAP,JENIS KELAMIN (L/P),KABUPATEN/KOTA (TEMPAT TINGGAL BAKAL CALON)
1,,,HANDOKO,L,KOTA YOGYAKARTA
2,,,UTAMI EMMIYANI,P,BANTUL
3,,,M. MIFTAKHUL HUDA,L,KOTA YOGYAKARTA
,,,,,
,,,,,
,,,,,
"JUMLAH LAKI-LAKI: 2 JUMLAH PEREMPUAN: 1 PROSENTASE PEREMPUAN: 33,3%",,,,,
"15
PARTAI KEADILAN DAN PERSATUAN INDONESIA
",,,,,
NOMOR URUT,PAS FOTO,,NAMA LENGKAP,JENIS KELAMIN (L/P),KABUPATEN/KOTA (TEMPAT TINGGAL BAKAL CALON)
1,,,"SUTIYONO, S.H.",L,KOTA YOGYAKARTA
2,,,PARTINI,P,BANTUL
,,,,,
,,,,,
,,,,,
,,,,,
JUMLAH LAKI-LAKI: 1 JUMLAH PEREMPUAN: 1 PROSENTASE PEREMPUAN: 50%,,,,,
,,,,,
DAFTAR CALON TETAP,,,,,
ANGGOTA DEWAN PERWAKILAN RAKYAT DAERAH D.I. YOGYAKARTA PEMILIHAN UMUM TAHUN 2014,,,,,
PROVINSI : D.I. YOGYAKARTA,,,,,
DAERAH PEMILIHAN : D.I. YOGYAKARTA 4,,,,,
MODEL BD 1,,,,,
"1
PARTAI NASDEM
",,,,,
NOMOR URUT,PAS FOTO,,NAMA LENGKAP,JENIS KELAMIN (L/P),KABUPATEN/KOTA (TEMPAT TINGGAL BAKAL CALON)
1,,,drh. SABAR WIDODO,L,KULON PROGO
2,,,H.M. R. DANU WASKITO SHW.,L,SLEMAN
3,,,ALIFAH NOOR RACHMAH ELVISTASARI,P,BANTUL
4,,,DANY DWIASTUTI ARINI,P,SLEMAN
5,,,"ROSALIA ENDAH WIDIASTUTI, S.H.",P,KOTA YOGYAKARTA
6,,,SUKIJAN,L,KULON PROGO
7,,,Drs. HERI PURWANTO,L,BANTUL
"JUMLAH LAKI-LAKI: 4 JUMLAH PEREMPUAN: 3 PROSENTASE PEREMPUAN: 42,9%",,,,,
"2
PARTAI KEBANGKITAN BANGSA
",,,,,
NOMOR URUT,PAS FOTO,,NAMA LENGKAP,JENIS KELAMIN (L/P),KABUPATEN/KOTA (TEMPAT TINGGAL BAKAL CALON)
1,,,"H.M. ANWAR HAMID, S.Sos.",L,KULONPROGO
2,,,"SOLEH WIBOWO, S.Ag.",L,KULONPROGO
3,,,FARINA YUSRIANI,P,KULONPROGO
4,,,WINARTO,L,KULONPROGO
5,,,TRI ASTUTI,P,KULONPROGO
6,,,"UNI MARDIYATI, S.Pd.",P,KOTA YOGYAKARTA
7,,,MOH. ARDAN AJI HUTAMA,L,SLEMAN
"JUMLAH LAKI-LAKI: 4 JUMLAH PEREMPUAN: 3 PROSENTASE PEREMPUAN: 42,9%",,,,,
"3
PARTAI KEADILAN SEJAHTERA
",,,,,
NOMOR URUT,PAS FOTO,,NAMA LENGKAP,JENIS KELAMIN (L/P),KABUPATEN/KOTA (TEMPAT TINGGAL BAKAL CALON)
1,,,"TRI HARJONO, S.T., M.T.",L,KULON PROGO
2,,,"NUR SASMITO, S.T., M.M.",L,KULON PROGO
3,,,"UNIE HARIANTY, S.Pd.",P,KOTA YOGYAKARTA
4,,,ENDANG RETNO SARIYAH SULASMININGSIH,P,KULON PROGO
5,,,CATUR BUDI SUSILO,L,KULON PROGO
6,,,YUFI DWI ARWATI,P,KULON PROGO
7,,,SUSILO,L,KULON PROGO
"JUMLAH LAKI-LAKI: 4 JUMLAH PEREMPUAN: 3 PROSENTASE PEREMPUAN: 42,9%",,,,,
"4
PARTAI DEMOKRASI INDONESIA PERJUANGAN
",,,,,
NOMOR URUT,PAS FOTO,,NAMA LENGKAP,JENIS KELAMIN (L/P),KABUPATEN/KOTA (TEMPAT TINGGAL BAKAL CALON)
1,,,"RYS GUNAWAN HANDOYO HB., S.H.",L,KULONPROGO
2,,,Drs. SUDARTO,L,KULONPROGO
3,,,"SITI SURYANI, S.S.",P,KULONPROGO
4,,,TUNGGAL PAWESTRI,P,KOTA TANGERANG SELATAN
5,,,"R. HERMAWAN BUDIYONO, S.H.",L,KULONPROGO
6,,,"Dra. ANIK RAHMANI, M.Si.",P,KOTA YOGYAKARTA
7,,,"THOMAS KARTAYA, B.A.",L,KULONPROGO
"JUMLAH LAKI-LAKI: 4 JUMLAH PEREMPUAN: 3 PROSENTASE PEREMPUAN: 42,9%",,,,,
"5
PARTAI GOLONGAN KARYA
",,,,,
NOMOR URUT,PAS FOTO,,NAMA LENGKAP,JENIS KELAMIN (L/P),KABUPATEN/KOTA (TEMPAT TINGGAL BAKAL CALON)
1,,,H. AHMAD MUHAMMAD,L,SLEMAN
2,,,"SUKARMAN, S.Pd.",L,KULON PROGO
3,,,"Dra. SRI KUS ENDAH, M.Si.",P,BANTUL
4,,,"ALB. GOETAMA PUTRA, S.H.",L,KULON PROGO
5,,,"LILIK SYAIFUL AHMAD, S.P.",L,KULON PROGO
6,,,"SRI HARIADININGSIH, S.H.",P,KULON PROGO
7,,,"RETNO BUDI UTAMI, A.Md.",P,KULON PROGO
"JUMLAH LAKI-LAKI: 4 JUMLAH PEREMPUAN: 3 PROSENTASE PEREMPUAN: 42,9%",,,,,
"6
PARTAI GERAKAN INDONESIA RAYA
",,,,,
NOMOR URUT,PAS FOTO,,NAMA LENGKAP,JENIS KELAMIN (L/P),KABUPATEN/KOTA (TEMPAT TINGGAL BAKAL CALON)
1,,,HERY SUMARDIYANTA,L,KULONPROGO
2,,,"Drs. H.R. MULYONO, M.A.P.",L,KULONPROGO
3,,,R.R. ESTI INTI ASIH,P,KULONPROGO
4,,,ALBANI,L,KULONPROGO
5,,,KRISNI RATNA KUSUMA,P,KULONPROGO
6,,,Hj. ENDANG EDI ASTUTI,P,SLEMAN
7,,,"SUWITO, S.H.",L,KULONPROGO
"JUMLAH LAKI-LAKI: 4 JUMLAH PEREMPUAN: 3 PROSENTASE PEREMPUAN: 42,9%",,,,,
"7
PARTAI DEMOKRAT
",,,,,
NOMOR URUT,PAS FOTO,,NAMA LENGKAP,JENIS KELAMIN (L/P),KABUPATEN/KOTA (TEMPAT TINGGAL BAKAL CALON)
1,,,"H. SUMARDJO, S.H.",L,KULON PROGO
2,,,"Drs. YANUAR SAKSONO, M.M.",L,SLEMAN
3,,,NOVI PUJI LESTARI,P,KULON PROGO
4,,,"NUNUNG IDA MUNDARSIH, S.Pd.",P,KULON PROGO
5,,,AHMAD MUFARIS,L,KOTA YOGYAKARTA
6,,,NUR WIDYASTUTI,P,KULON PROGO
7,,,Drs. NANANG SRI ROEKMADI,L,SLEMAN
"JUMLAH LAKI-LAKI: 4 JUMLAH PEREMPUAN: 3 PROSENTASE PEREMPUAN: 42,9%",,,,,
"8
PARTAI AMANAT NASIONAL
",,,,,
NOMOR URUT,PAS FOTO,,NAMA LENGKAP,JENIS KELAMIN (L/P),KABUPATEN/KOTA (TEMPAT TINGGAL BAKAL CALON)
1,,,Ir. HAMAM MUTAQIM,L,KULON PROGO
2,,,SUDARTO,L,KULON PROGO
3,,,WAHYU BAWANINGSIH,P,KULON PROGO
4,,,"GUNAWAN, S.Si.",L,KULON PROGO
5,,,"LINDA WAHYU SUSANTI, S.E.",P,KULON PROGO
6,,,"NURUL AZIZAH, S.T.",P,KOTA YOGYAKARTA
7,,,Drs. KASDIYONO,L,KULON PROGO
"JUMLAH LAKI-LAKI: 4 JUMLAH PEREMPUAN: 3 PROSENTASE PEREMPUAN: 42,9%",,,,,
"9
PARTAI PERSATUAN PEMBANGUNAN
",,,,,
NOMOR URUT,PAS FOTO,,NAMA LENGKAP,JENIS KELAMIN (L/P),KABUPATEN/KOTA (TEMPAT TINGGAL BAKAL CALON)
1,,,"Hj. ITJE SORAYA, S.E.",P,KOTA YOGYAKARTA
2,,,"Hj. IDA FATIMAH, S.Ag., MSI.",P,BANTUL
3,,,H. MUHADI,L,KULON PROGO
4,,,"Dr. SARJIMAN ARIANTO, M.Si.",L,SUMEDANG
5,,,LILIK PURNAMA,L,KULON PROGO
6,,,"SURATMAN, S.H.",L,KULON PROGO
,,,,,
JUMLAH LAKI-LAKI: 4 JUMLAH PEREMPUAN: 2 PROSENTASE PEREMPUAN: 33.3%,,,,,
"10
PARTAI HATI NURANI RAKYAT
",,,,,
NOMOR URUT,PAS FOTO,,NAMA LENGKAP,JENIS KELAMIN (L/P),KABUPATEN/KOTA (TEMPAT TINGGAL BAKAL CALON)
1,,,SITI SOEMILAH SRI PANUDJU,P,KULONPROGO
2,,,PETER BUDI SURASA,L,KULONPROGO
3,,,ISKANDAR,L,KULONPROGO
4,,,L. BAMBANG PURWADI HARGONO,L,KULONPROGO
5,,,ENY HARTATI,P,KULONPROGO
6,,,LONGGAR MUJI RAHARJO,L,KULONPROGO
,,,,,
"JUMLAH LAKI-LAKI: 4 JUMLAH PEREMPUAN: 2 PROSENTASE PEREMPUAN: 33,3%",,,,,
"14
PARTAI BULAN BINTANG
",,,,,
NOMOR URUT,PAS FOTO,,NAMA LENGKAP,JENIS KELAMIN (L/P),KABUPATEN/KOTA (TEMPAT TINGGAL BAKAL CALON)
1,,,Drs. H. YUNOHEDI,L,KOTA YOGYAKARTA
2,,,NGABIDAH,P,KULONPROGO
3,,,SUDJATMIKO,L,KOTA YOGYAKARTA
4,,,R. IZZUDIN NUR SANTJOYO,L,KULONPROGO
5,,,"FAFIDIYAH MARIFATIKA,
S.Fil.",P,KULONPROGO
,,,,,
,,,,,
JUMLAH LAKI-LAKI: 3 JUMLAH PEREMPUAN: 2 PROSENTASE PEREMPUAN: 40%,,,,,
"15
PARTAI KEADILAN DAN PERSATUAN INDONESIA
",,,,,
NOMOR URUT,PAS FOTO,,NAMA LENGKAP,JENIS KELAMIN (L/P),KABUPATEN/KOTA (TEMPAT TINGGAL BAKAL CALON)
1,,,JOKO RIYANTO,L,KOTA PEKANBARU
,,,,,
,,,,,
,,,,,
,,,,,
,,,,,
,,,,,
"JUMLAH LAKI-LAKI: 1 JUMLAH PEREMPUAN: 0 PROSENTASE PEREMPUAN: 0,00%",,,,,
DAFTAR CALON TETAP,,,,,
ANGGOTA DEWAN PERWAKILAN RAKYAT DAERAH D.I. YOGYAKARTA PEMILIHAN UMUM TAHUN 2014,,,,,
PROVINSI : D.I. YOGYAKARTA,,,,,
DAERAH PEMILIHAN : D.I. YOGYAKARTA 5,,,,,
MODEL BD 1,,,,,
,,,,,
"1
PARTAI NASDEM
",,,,,
NOMOR URUT,PAS FOTO,,NAMA LENGKAP,JENIS KELAMIN (L/P),KABUPATEN/KOTA (TEMPAT TINGGAL BAKAL CALON)
1,,,"WISNU AJI SURYA PRABOWO, S.IP.",L,SLEMAN
2,,,SUBARNO,L,SLEMAN
3,,,"Rr. AG. GIYANTI TITIK WARDANI, S.Pd., M.Pd.",P,SLEMAN
4,,,ROHMAT KUSNADI,L,SLEMAN
5,,,DEWI MAHARANI,P,SLEMAN
6,,,"ADI HERYADI, S.Psi., M.Psi.",L,SLEMAN
7,,,"Drs. SUTRISNO, M.A.",L,SLEMAN
8,,,"ANINDITA SARI KUSUMASTUTI, S.H.",P,SLEMAN
9,,,"AGUS BUDI RACHMANTO, S.IP., M.Si.",L,SLEMAN
"JUMLAH LAKI-LAKI: 6 JUMLAH PEREMPUAN: 3 PROSENTASE PEREMPUAN: 33,3%",,,,,
"2
PARTAI KEBANGKITAN BANGSA
",,,,,
NOMOR URUT,PAS FOTO,,NAMA LENGKAP,JENIS KELAMIN (L/P),KABUPATEN/KOTA (TEMPAT TINGGAL BAKAL CALON)
1,,,"H. SUKAMTO, S.H.",L,SLEMAN
2,,,Ir. Hj. SUHARNI,P,SLEMAN
3,,,SURATA,L,SLEMAN
4,,,TITONIYAH,P,SLEMAN
5,,,KUN SUDARYANTI,P,SLEMAN
6,,,H. KARTONO,L,SLEMAN
7,,,"R. Ngt. SUKESTI MURBANINGSIH, S.H.",P,BANTUL
8,,,MARYANTO,L,SLEMAN
9,,,Dra. SITI AISYAH,P,SLEMAN
"JUMLAH LAKI-LAKI: 4 JUMLAH PEREMPUAN: 5 PROSENTASE PEREMPUAN: 55,6%",,,,,
"3
PARTAI KEADILAN SEJAHTERA
",,,,,
NOMOR URUT,PAS FOTO,,NAMA LENGKAP,JENIS KELAMIN (L/P),KABUPATEN/KOTA (TEMPAT TINGGAL BAKAL CALON)
1,,,"M. AGUS MAS'UDI, S.T.",L,SLEMAN
2,,,"MUZNA NURHAYATI, S.Pd.",P,SLEMAN
3,,,"NANDAR WINORO, S.T.",L,SLEMAN
4,,,IMAM DIMYATI,L,SLEMAN
5,,,"INDRATI, S.H.",P,SLEMAN
6,,,MUH. HAMDAN,L,SLEMAN
7,,,"HANDASARI MOKODOMPIT, S.Si.",P,SLEMAN
8,,,ADILAH,P,SLEMAN
9,,,"MUHAMMAD NUR HAKIM, S.T.",L,SLEMAN
"JUMLAH LAKI-LAKI: 5 JUMLAH PEREMPUAN: 4 PROSENTASE PEREMPUAN: 44,4%",,,,,
"4
PARTAI DEMOKRASI INDONESIA PERJUANGAN
",,,,,
NOMOR URUT,PAS FOTO,,NAMA LENGKAP,JENIS KELAMIN (L/P),KABUPATEN/KOTA (TEMPAT TINGGAL BAKAL CALON)
1,,,"Drs. BAMBANG PRASWANTO HP., M.Sc.",L,SLEMAN
2,,,"GIMMY RUSDIN S, S.E.",L,SLEMAN
3,,,"EDIATI KUSUMA, S.E., M.M.",P,SLEMAN
4,,,"H. KOESWANTO, S.IP.",L,SLEMAN
5,,,"Drs. A. KRISNO WIBOWO, M.Si.",L,KOTA YOGYAKARTA
6,,,"LASTIANI WARIH WULANDARI, S.E., M.M.",P,SLEMAN
7,,,MOHAMMAD FIRAZ,L,SLEMAN
8,,,"Dra. SRI SURAYATI SUPANGAT, M.A.",P,SLEMAN
9,,,"Ir. LESTANTA BUDIMAN,
M.Hum.",L,KOTA YOGYAKARTA
"JUMLAH LAKI-LAKI: 6 JUMLAH PEREMPUAN: 3 PROSENTASE PEREMPUAN: 33,3%",,,,,
"5
PARTAI GOLONGAN KARYA
",,,,,
NOMOR URUT,PAS FOTO,,NAMA LENGKAP,JENIS KELAMIN (L/P),KABUPATEN/KOTA (TEMPAT TINGGAL BAKAL CALON)
1,,,"JANU ISMADI, S.E.",L,SLEMAN
2,,,"Hj. HARTATI, S.IP.",P,SLEMAN
3,,,"Drs. H. GEYOL SUGIYANTA, M.Si.",L,SLEMAN
4,,,"Drs. H. MULYANTO, M.M.",L,SLEMAN
5,,,Drs. R. BAMBANG SRIBUDOYO,L,SLEMAN
6,,,"Hj. MIATUN THOYIBAH, S.H.",P,SLEMAN
7,,,"KAREL, S.H.",L,SLEMAN
8,,,"RATNA SARI, S.E.",P,CILACAP
9,,,"TAUFIQURRAHMAN, S.H.",L,SLEMAN
"JUMLAH LAKI-LAKI: 6 JUMLAH PEREMPUAN: 3 PROSENTASE PEREMPUAN: 33,3%",,,,,
"6
PARTAI GERAKAN INDONESIA RAYA
",,,,,
NOMOR URUT,PAS FOTO,,NAMA LENGKAP,JENIS KELAMIN (L/P),KABUPATEN/KOTA (TEMPAT TINGGAL BAKAL CALON)
1,,,DHARMA SETIAWAN,L,SLEMAN
2,,,"ROBERT SILVANUS DENDENG, A.Md.TS.",L,KOTA YOGYAKARTA
3,,,"INDRI YUNI DIAN SETYOWATI, S.E.",P,KOTA YOGYAKARTA
4,,,"DANIEL DAMALEDO, S.E., M.A.",L,SLEMAN
5,,,"YUSTIWI, S.P.",P,KOTA YOGYAKARTA
6,,,SEKARLANGIT SAPTOHOEDOJO,L,SLEMAN
7,,,"R. YULIANA, S.E.",P,SLEMAN
8,,,Drs. R. WIDI HANDOKO,L,SLEMAN
9,,,SHODIQUL QIYAR,L,SLEMAN
"JUMLAH LAKI-LAKI: 6 JUMLAH PEREMPUAN: 3 PROSENTASE PEREMPUAN: 33,3%",,,,,
"7
PARTAI DEMOKRAT
",,,,,
NOMOR URUT,PAS FOTO,,NAMA LENGKAP,JENIS KELAMIN (L/P),KABUPATEN/KOTA (TEMPAT TINGGAL BAKAL CALON)
1,,,"SUTAN IMRAN, S.H.",L,SLEMAN
2,,,PUTUT WIRYAWAN,L,SLEMAN
3,,,"FREEDA MUSTHIKASARI, S.E., M.M.",P,SLEMAN
4,,,"AROM ATIKARINI, S.Psi.",P,BANTUL
5,,,Ir. WIDIASTJARJO,L,SLEMAN
6,,,"ANTONIUS SUDIBYO, S.Sos., S.H.",L,SLEMAN
7,,,"NAIKE INDIRAINI, S.E.",P,BANTUL
8,,,"SUNARYO, S.H.",L,SLEMAN
9,,,"FITRIA RAHMAWATI, S.H.",P,SLEMAN
"JUMLAH LAKI-LAKI: 5 JUMLAH PEREMPUAN: 4 PROSENTASE PEREMPUAN: 44,4%",,,,,
"8
PARTAI AMANAT NASIONAL
",,,,,
NOMOR URUT,PAS FOTO,,NAMA LENGKAP,JENIS KELAMIN (L/P),KABUPATEN/KOTA (TEMPAT TINGGAL BAKAL CALON)
1,,,"SADAR NARIMA, S.Ag., S.H.",L,SLEMAN
2,,,Rr. HERIEN SUMINARYATI,P,BANTUL
3,,,ARIEF HARTANTO,L,SLEMAN
4,,,Drs. MUH. NURROCHID,L,SLEMAN
5,,,FEBRIANA MUSTIKANINGRUM,P,SLEMAN
6,,,"IMAM SUJANGI, S.Si., Apt.",L,SLEMAN
7,,,EMI RAHMAWATI,P,SLEMAN
8,,,AGUS SRIYANTO,L,SLEMAN
9,,,DITA KUSUMANINGRUM,P,SLEMAN
"JUMLAH LAKI-LAKI: 5 JUMLAH PEREMPUAN: 4 PROSENTASE PEREMPUAN: 44,4%",,,,,
"9
PARTAI PERSATUAN PEMBANGUNAN
",,,,,
NOMOR URUT,PAS FOTO,,NAMA LENGKAP,JENIS KELAMIN (L/P),KABUPATEN/KOTA (TEMPAT TINGGAL BAKAL CALON)
1,,,H. MUHAMMAD YAZID,L,SLEMAN
2,,,Drs. MA'SUM AMRULLAH,L,KOTA YOGYAKARTA
3,,,"Hj. NUR HILDA, S.H.",P,SLEMAN
4,,,"MUHAMMAD SYAMSU RIDHO, S.E.",L,SLEMAN
5,,,RESMI DIWATIE,P,SLEMAN
6,,,Ir. NINIK INDAWATI,P,SLEMAN
7,,,MUHAMMAD MUMTAKHIN ARIEF,L,SLEMAN
8,,,"H. BUYUNG RIZAL P., S.H.",L,SLEMAN
9,,,SARJONO SA.,L,SLEMAN
JUMLAH LAKI-LAKI: 6 JUMLAH PEREMPUAN: 3 PROSENTASE PEREMPUAN: 33.3%,,,,,
"10
PARTAI HATI NURANI RAKYAT
",,,,,
NOMOR URUT,PAS FOTO,,NAMA LENGKAP,JENIS KELAMIN (L/P),KABUPATEN/KOTA (TEMPAT TINGGAL BAKAL CALON)
1,,,Kombes. Pol. (Purn.) Drs. ARDI SOEPARDI,L,SLEMAN
2,,,"LIZA NARISSANTI, S.E.",P,SLEMAN
3,,,"SUMONO PRAWIROATMODJO, S.E.",L,SLEMAN
4,,,"RESIANA ANIE SETYAWATI, A.Md.",P,KOTA YOGYAKARTA
5,,,NYOMAN WIDODO,L,BANTUL
6,,,Ir. ANDRIYANI RATNANINGSIH,P,KOTA YOGYAKARTA
7,,,RAGIL KURNIAHADI,L,SLEMAN
8,,,H. SUNJOTO GUTOMO,L,SLEMAN
9,,,"HERU SURJO PUTRA, S.E.",L,KOTA YOGYAKARTA
"JUMLAH LAKI-LAKI: 6 JUMLAH PEREMPUAN: 3 PROSENTASE PEREMPUAN: 33,3%",,,,,
"14
PARTAI BULAN BINTANG
",,,,,
NOMOR URUT,PAS FOTO,,NAMA LENGKAP,JENIS KELAMIN (L/P),KABUPATEN/KOTA (TEMPAT TINGGAL BAKAL CALON)
1,,,Drs. M. SOEHADI CHAMIM,L,SLEMAN
2,,,WASIT DARMAWAN,L,BANTUL
3,,,BUDI PURWANTI,P,SLEMAN
,,,,,
,,,,,
,,,,,
,,,,,
,,,,,
,,,,,
"JUMLAH LAKI-LAKI: 2 JUMLAH PEREMPUAN: 1 PROSENTASE PEREMPUAN: 33,3%",,,,,
"15
PARTAI KEADILAN DAN PERSATUAN INDONESIA
",,,,,
NOMOR URUT,PAS FOTO,,NAMA LENGKAP,JENIS KELAMIN (L/P),KABUPATEN/KOTA (TEMPAT TINGGAL BAKAL CALON)
1,,,PURNOMO,L,SLEMAN
2,,,M. BASROWI,L,SLEMAN
3,,,ROSALIA SRI LESTARI,P,SLEMAN
4,,,"H. SOETIKNO, S.H.",L,SLEMAN
5,,,Dra. TRIFENA SRIYANI,P,KOTA YOGYAKARTA
6,,,"MARSUDI, S.Pd.",L,KARANGANYAR
7,,,SRI MARSUDI RAHAYU,P,KARANGANYAR
,,,,,
,,,,,
"JUMLAH LAKI-LAKI: 4 JUMLAH PEREMPUAN: 3 PROSENTASE PEREMPUAN: 42,9%",,,,,
,,,,,
DAFTAR CALON TETAP,,,,,
ANGGOTA DEWAN PERWAKILAN RAKYAT DAERAH D.I. YOGYAKARTA PEMILIHAN UMUM TAHUN 2014,,,,,
PROVINSI : D.I. YOGYAKARTA,,,,,
DAERAH PEMILIHAN : D.I. YOGYAKARTA 6,,,,,
MODEL BD 1,,,,,
"1
PARTAI NASDEM
",,,,,
NOMOR URUT,PAS FOTO,,NAMA LENGKAP,JENIS KELAMIN (L/P),KABUPATEN/KOTA (TEMPAT TINGGAL BAKAL CALON)
1,,,"AMIN ZAKARIA, S.E., S.H., M.Si.",L,SLEMAN
2,,,"CORNUS DWISAPTHA HEKSEKO, S.Sos.",L,SLEMAN
3,,,SINTA KUSUMANINGRUM,P,SLEMAN
4,,,DWI MARCHAYATUN,P,SLEMAN
5,,,"YATIMAN, S.H.",L,SLEMAN
6,,,"SRI BUDYARTATI, S.S., M.Pd.",P,KLATEN
7,,,"SAMBUDI, S.T.",L,SLEMAN
8,,,"H. SUDIBYO, S.T.",L,SLEMAN
"JUMLAH LAKI-LAKI: 5 JUMLAH PEREMPUAN: 3 PROSENTASE PEREMPUAN: 37,5%",,,,,
"2
PARTAI KEBANGKITAN BANGSA
",,,,,
NOMOR URUT,PAS FOTO,,NAMA LENGKAP,JENIS KELAMIN (L/P),KABUPATEN/KOTA (TEMPAT TINGGAL BAKAL CALON)
1,,,"H. SUKOYO, S.Ag.",L,BANTUL
2,,,Dra. DYAH ISTI NARMIYATI,P,SLEMAN
3,,,"SUDARYANTO, S.H.",L,SLEMAN
4,,,"MARITA, S.E., M.Si.",P,SLEMAN
5,,,"UDIYATNO, A.Md.",L,SLEMAN
6,,,ANWAR HADI,L,SLEMAN
7,,,ERY MUNAJA,L,SLEMAN
8,,,SUPRIYATI,P,SLEMAN
"JUMLAH LAKI-LAKI: 5 JUMLAH PEREMPUAN: 3 PROSENTASE PEREMPUAN: 37,5%",,,,,
"3
PARTAI KEADILAN SEJAHTERA
",,,,,
NOMOR URUT,PAS FOTO,,NAMA LENGKAP,JENIS KELAMIN (L/P),KABUPATEN/KOTA (TEMPAT TINGGAL BAKAL CALON)
1,,,"HUDA TRI YUDIANA, S.T.",L,SLEMAN
2,,,ENDRI NUGRAHA LAKSANA,L,SLEMAN
3,,,dr. Hj. RIMA FITRIYANI,P,SLEMAN
4,,,"NATSHIR HARIST B, Lc.",L,SLEMAN
5,,,"BUDHI HANDOYO NUGROHO, S.Si., MBA.",L,KOTA YOGYAKARTA
6,,,"Hj. TRI WINARSIH, S.P.",P,SLEMAN
7,,,ARDIANSYAH,L,SLEMAN
8,,,PARTINI,P,SLEMAN
"JUMLAH LAKI-LAKI: 5 JUMLAH PEREMPUAN: 3 PROSENTASE PEREMPUAN: 37,5%",,,,,
"4
PARTAI DEMOKRASI INDONESIA PERJUANGAN
",,,,,
NOMOR URUT,PAS FOTO,,NAMA LENGKAP,JENIS KELAMIN (L/P),KABUPATEN/KOTA (TEMPAT TINGGAL BAKAL CALON)
1,,,"H. RENDRADI SUPRIHANDOKO, S.H., M.Hum.",L,SLEMAN
2,,,G.M. TOTOK HEDI SANTOSA,L,SLEMAN
3,,,"SUMI MURNIATI, S.H.",P,SLEMAN
4,,,ERWIN RAZAK,L,SLEMAN
5,,,"FUSKA SANI EVANI, S.S.",P,SLEMAN
6,,,DIAN NURI NINGTYAS,P,SLEMAN
7,,,"PAULUS RIYANTO, S.E., M.M.",L,SLEMAN
,,,,,
"JUMLAH LAKI-LAKI: 4 JUMLAH PEREMPUAN: 3 PROSENTASE PEREMPUAN: 42,9%",,,,,
"5
PARTAI GOLONGAN KARYA
",,,,,
NOMOR URUT,PAS FOTO,,NAMA LENGKAP,JENIS KELAMIN (L/P),KABUPATEN/KOTA (TEMPAT TINGGAL BAKAL CALON)
1,,,"R. BAROTO HARTOTO, S.T.",L,SLEMAN
2,,,"Drs. H.M. JULIANTO, M.Si.",L,SLEMAN
3,,,"NINUK DIAN SURATRI, S.H.",P,SLEMAN
4,,,"LISTIANA LESTARI, S.H.",P,SLEMAN
5,,,"AGUS SUMARYANTO, S.T.",L,SLEMAN
6,,,"Ir. H. NANANG SUWANDI, M.M.A.",L,KOTA YOGYAKARTA
7,,,"IFFAH INAYATI, S.Psi.",P,SLEMAN
8,,,Drs. R. GUNARTO,L,SLEMAN
"JUMLAH LAKI-LAKI: 5 JUMLAH PEREMPUAN: 3 PROSENTASE PEREMPUAN: 37,5%",,,,,
"6
PARTAI GERAKAN INDONESIA RAYA
",,,,,
NOMOR URUT,PAS FOTO,,NAMA LENGKAP,JENIS KELAMIN (L/P),KABUPATEN/KOTA (TEMPAT TINGGAL BAKAL CALON)
1,,,SAYUN,L,SLEMAN
2,,,SUROYO,L,SLEMAN
3,,,"IMELDA ERLIN ARIESTYOWATIE, S.E.",P,SLEMAN
4,,,"TONY SURYANTA, S.H.",L,SLEMAN
5,,,KARTIKA MAHARANI,P,SLEMAN
6,,,"Ir. JACKY LATUPEIRISSA, M.A.",L,SLEMAN
7,,,"SULISTIYANDARI, S.Pd.",P,SLEMAN
8,,,Y. BUDI MULYONO,L,SLEMAN
"JUMLAH LAKI-LAKI: 5 JUMLAH PEREMPUAN: 3 PROSENTASE PEREMPUAN: 37,5%",,,,,
"7
PARTAI DEMOKRAT
",,,,,
NOMOR URUT,PAS FOTO,,NAMA LENGKAP,JENIS KELAMIN (L/P),KABUPATEN/KOTA (TEMPAT TINGGAL BAKAL CALON)
1,,,"BERTHA CAHYANI H.A., S.E., M.M.",P,KOTA YOGYAKARTA
2,,,"WAHYONO, S.H., M.Si.",L,SLEMAN
3,,,"TAUFIQ HIDAYANTO, S.Pd.",L,SLEMAN
4,,,"L. PURWANTO AGUNG SRI CAHYO, S.E.",L,KOTA YOGYAKARTA
5,,,"IKE WIKASANTI, S.H.",P,KOTA YOGYAKARTA
6,,,BAMBANG SADONO,L,BANTUL
7,,,HASTO KUMORO,L,KOTA YOGYAKARTA
8,,,PHILIPA NERIA TISNAWATI,P,SLEMAN
"JUMLAH LAKI-LAKI: 5 JUMLAH PEREMPUAN: 3 PROSENTASE PEREMPUAN: 37,5%",,,,,
"8
PARTAI AMANAT NASIONAL
",,,,,
NOMOR URUT,PAS FOTO,,NAMA LENGKAP,JENIS KELAMIN (L/P),KABUPATEN/KOTA (TEMPAT TINGGAL BAKAL CALON)
1,,,Dra. Hj. MARTHIA ADELHEIDA,P,SLEMAN
2,,,Ir. ROHMAN AGUS SUKAMTA,L,SLEMAN
3,,,"FIFIT ISNAFIYAH, M.Si.",P,SLEMAN
4,,,Ir. ACHMAD YULIANTO,L,KOTA YOGYAKARTA
5,,,"YOGI JATMIKANTO, S.IP.",L,KOTA YOGYAKARTA
6,,,"DYAH NOVIATI, S.E.",P,SLEMAN
7,,,"RATNA SARI DEWI, S.Pd.",P,KLATEN
8,,,NIKO AGUNG KUNCORO,L,SLEMAN
JUMLAH LAKI-LAKI: 4 JUMLAH PEREMPUAN: 4 PROSENTASE PEREMPUAN: 50%,,,,,
"9
PARTAI PERSATUAN PEMBANGUNAN
",,,,,
NOMOR URUT,PAS FOTO,,NAMA LENGKAP,JENIS KELAMIN (L/P),KABUPATEN/KOTA (TEMPAT TINGGAL BAKAL CALON)
1,,,"H.M. FARCHAN HARIEM, S.E.",L,SLEMAN
2,,,"Dr. Ir. H. SUWARDIE, M.Sc.",L,SLEMAN
3,,,"DINAR SEPTIANINGSIH, S.Pd.I.",P,SLEMAN
4,,,H. SUPRIYADI,L,SLEMAN
5,,,M. RIZAL MUHRIZI M. IBAD,L,SLEMAN
6,,,ANDAR INSIA FAQIH,P,SLEMAN
7,,,SITI MUNAWAROH,P,SLEMAN
8,,,Drs. SAGIMAN S.,L,SLEMAN
"JUMLAH LAKI-LAKI: 5 JUMLAH PEREMPUAN: 3 PROSENTASE PEREMPUAN: 37,5%",,,,,
"10
PARTAI HATI NURANI RAKYAT
",,,,,
NOMOR URUT,PAS FOTO,,NAMA LENGKAP,JENIS KELAMIN (L/P),KABUPATEN/KOTA (TEMPAT TINGGAL BAKAL CALON)
1,,,P.A. BAMBANG PRIYONO,L,SLEMAN
2,,,Drs. R. HARNANTO,L,SLEMAN
3,,,"ETTY HERAWATI, S.E.",P,KOTA YOGYAKARTA
4,,,"NINO JAGO SASONGKO H., S.T.",L,KOTA YOGYAKARTA
5,,,"ROSMA AULIA UMAMI, S.H.",P,BANTUL
6,,,"CYNTHIA PINASTHIKA A, S.E.",P,KOTA YOGYAKARTA
7,,,BAGUS SURYANTO,L,KOTA YOGYAKARTA
8,,,"H. HARTOYO, S.H.",L,SLEMAN
"JUMLAH LAKI-LAKI: 5 JUMLAH PEREMPUAN: 3 PROSENTASE PEREMPUAN: 37,5%",,,,,
"14
PARTAI BULAN BINTANG
",,,,,
NOMOR URUT,PAS FOTO,,NAMA LENGKAP,JENIS KELAMIN (L/P),KABUPATEN/KOTA (TEMPAT TINGGAL BAKAL CALON)
1,,,AMATULLAH ZAHIROH,P,KOTA YOGYAKARTA
2,,,MOHAMMAD HAMRON,L,KOTA YOGYAKARTA
,,,,,
,,,,,
,,,,,
,,,,,
,,,,,
,,,,,
JUMLAH LAKI-LAKI: 1 JUMLAH PEREMPUAN: 1 PROSENTASE PEREMPUAN: 50%,,,,,
"15
PARTAI KEADILAN DAN PERSATUAN INDONESIA
",,,,,
NOMOR URUT,PAS FOTO,,NAMA LENGKAP,JENIS KELAMIN (L/P),KABUPATEN/KOTA (TEMPAT TINGGAL BAKAL CALON)
1,,,JULINA,P,SLEMAN
2,,,FX. MARIYANTO,L,KOTA YOGYAKARTA
3,,,CUT MEUTIA SARI,P,SLEMAN
4,,,AGUS HARIYANTO,L,KARANGANYAR
,,,,,
,,,,,
,,,,,
,,,,,
JUMLAH LAKI-LAKI: 2 JUMLAH PEREMPUAN: 2 PROSENTASE PEREMPUAN: 50%,,,,,
,,,,,
DAFTAR CALON TETAP,,,,,
ANGGOTA DEWAN PERWAKILAN RAKYAT DAERAH D.I. YOGYAKARTA PEMILIHAN UMUM TAHUN 2014,,,,,
PROVINSI : D.I. YOGYAKARTA,,,,,
DAERAH PEMILIHAN : D.I. YOGYAKARTA 7,,,,,
MODEL BD 1,,,,,
"1
PARTAI NASDEM
",,,,,
NOMOR URUT,PAS FOTO,,NAMA LENGKAP,JENIS KELAMIN (L/P),KABUPATEN/KOTA (TEMPAT TINGGAL BAKAL CALON)
1,,,"SUPARJA, S.IP.",L,GUNUNG KIDUL
2,,,"SUNARDI, S.Pd.",L,GUNUNG KIDUL
3,,,ENDANG SUKMARANINGSIH,P,BANTUL
4,,,"R.H. HERU WAHYU KISMOYO, S.Sos., M.Si.",L,KOTA YOGYAKARTA
5,,,"BENI SUNTOKO, S.E.",L,GUNUNG KIDUL
6,,,MARIYA GORETI HARTINI,P,GUNUNG KIDUL
7,,,MUHAMMAD FAKHRUR ROZY,L,GUNUNG KIDUL
8,,,"BAYU SUSANTO, S.E.",L,BANTUL
9,,,YULIA WAHYUNINGRUM,P,GUNUNG KIDUL
10,,,EXVAN DWI EFFENDI,L,GUNUNG KIDUL
11,,,IKA WAHYUNI,P,JAKARTA TIMUR
"JUMLAH LAKI-LAKI: 7 JUMLAH PEREMPUAN: 4 PROSENTASE PEREMPUAN: 36,4%",,,,,
"2
PARTAI KEBANGKITAN BANGSA
",,,,,
NOMOR URUT,PAS FOTO,,NAMA LENGKAP,JENIS KELAMIN (L/P),KABUPATEN/KOTA (TEMPAT TINGGAL BAKAL CALON)
1,,,"ENDANG SETYANI, S.H.",P,GUNUNGKIDUL
2,,,Drs. ROJAK HARUDIN,L,GUNUNGKIDUL
3,,,Drs. H. SUHARYANTO SW,L,KOTA YOGYAKARTA
4,,,Drs. H. AHMAD,L,GUNUNGKIDUL
5,,,SITI KHOTIJAH,P,GUNUNGKIDUL
6,,,"SARONO, S.Pd.",L,GUNUNGKIDUL
7,,,"LIA NURLAILA RAHMA FAUZI, A.Md.Keb.",P,GUNUNGKIDUL
8,,,FAIRUSZY ZABID,L,GUNUNGKIDUL
9,,,"H. M. HASBI ANWAR, S.Pd., M.Pd.I.",L,GUNUNGKIDUL
10,,,SITI RAHMI,P,GUNUNGKIDUL
,,,,,
"JUMLAH LAKI-LAKI: 6 JUMLAH PEREMPUAN: 4 PROSENTASE PEREMPUAN: 40,0%",,,,,
"3
PARTAI KEADILAN SEJAHTERA
",,,,,
NOMOR URUT,PAS FOTO,,NAMA LENGKAP,JENIS KELAMIN (L/P),KABUPATEN/KOTA (TEMPAT TINGGAL BAKAL CALON)
1,,,"H. BOEDI DEWANTORO, S.H., M.Si.",L,KOTA YOGYAKARTA
2,,,Ir. ARIEF BUDIONO,L,SLEMAN
3,,,"MUSLIKHAH, S.Pd.",P,GUNUNGKIDUL
4,,,BARID HAMRONI,L,GUNUNGKIDUL
5,,,"EKANTINI PUJI BASUKI, S.P.",P,KOTA YOGYAKARTA
6,,,WIDODO,L,GUNUNGKIDUL
7,,,"SILVIA DEWI STYANINGRUM,
M.Kes.",P,KOTA YOGYAKARTA
8,,,"MAIMUN NURYADI, S.E.",L,GUNUNGKIDUL
9,,,NURDIN FAUZI ZAMAN,L,SLEMAN
10,,,ETIK TRISNAWATI,P,KOTA YOGYAKARTA
11,,,"TRIYANTO PUSPITO NUGROHO, S.Pd.",L,SLEMAN
"JUMLAH LAKI-LAKI: 7 JUMLAH PEREMPUAN: 4 PROSENTASE PEREMPUAN: 36,4%",,,,,
"4
PARTAI DEMOKRASI INDONESIA PERJUANGAN
",,,,,
NOMOR URUT,PAS FOTO,,NAMA LENGKAP,JENIS KELAMIN (L/P),KABUPATEN/KOTA (TEMPAT TINGGAL BAKAL CALON)
1,,,"NURYADI, S.Pd.",L,KOTA YOGYAKARTA
2,,,"H. BAMBANG CHRISNADI, S.H., M.Si.",L,BEKASI
3,,,"DWIRUSJIYATI AGNES , S.Pd.",P,GUNUNGKIDUL
4,,,dr. HARIYADI JAKA DARMANTA,L,SLEMAN
5,,,"BAMBANG SETYO MARTONO, S.E., MBA.",L,KOTA YOGYAKARTA
6,,,TUTIK WAHYUNINGSIH,P,SLEMAN
,,,,,
,,,,,
,,,,,
,,,,,
,,,,,
"JUMLAH LAKI-LAKI: 4 JUMLAH PEREMPUAN: 2 PROSENTASE PEREMPUAN: 33,3%",,,,,
"5
PARTAI GOLONGAN KARYA
",,,,,
NOMOR URUT,PAS FOTO,,NAMA LENGKAP,JENIS KELAMIN (L/P),KABUPATEN/KOTA (TEMPAT TINGGAL BAKAL CALON)
1,,,"SLAMET, S.Pd., M.M.",L,GUNUNG KIDUL
2,,,"Hj. RANY WIDAYATI, S.E., M.M.",P,KOTA YOGYAKARTA
3,,,"Drs. AGUS MULYONO, M.M.",L,KOTA YOGYAKARTA
4,,,"INDRADI, S.E.",L,SLEMAN
5,,,"SUHARTO, S.H.",L,GUNUNG KIDUL
6,,,"Hj. ELSY ZULENY, B.A.",P,GUNUNG KIDUL
7,,,Drs. H. SUPARDAL,L,GUNUNG KIDUL
8,,,"PULUNG PRABOWO, S.Kom.",L,GUNUNG KIDUL
9,,,"LISTIYANI, S.IP.",P,KOTA YOGYAKARTA
10,,,"ARINDA DIAN EKAWATI, S.P.",P,KOTA YOGYAKARTA
11,,,"YBM. S. AGUNG NUGROHO, S.E.",L,GUNUNG KIDUL
"JUMLAH LAKI-LAKI: 7 JUMLAH PEREMPUAN: 4 PROSENTASE PEREMPUAN: 36,4%",,,,,
"6
PARTAI GERAKAN INDONESIA RAYA
",,,,,
NOMOR URUT,PAS FOTO,,NAMA LENGKAP,JENIS KELAMIN (L/P),KABUPATEN/KOTA (TEMPAT TINGGAL BAKAL CALON)
1,,,"SEPTO HARTONO, S.E.",L,SLEMAN
2,,,"H. SETYO WIBOWO, S.E.",L,GUNUNGKIDUL
3,,,BRAY. IRIANI PRAMASTUTI,P,KOTA YOGYAKARTA
4,,,KRISNADI SETYAWAN,L,KOTA YOGYAKARTA
5,,,"SOLIKATUN ASLAMIAH, S.E.",P,GUNUNGKIDUL
6,,,CAHYADI SUNARNO,L,GUNUNGKIDUL
7,,,"R.R. ENNY ASMAWATI, S.H.",P,KOTA YOGYAKARTA
8,,,PUJI RAHARJO,L,SLEMAN
9,,,"RINI WIDIASTUTI, S.Sn.,
M.Hum.",P,GUNUNGKIDUL
10,,,SUBIRMAN,L,GUNUNGKIDUL
11,,,ANDARU BRAMONO,L,KOTA YOGYAKARTA
"JUMLAH LAKI-LAKI: 7 JUMLAH PEREMPUAN: 4 PROSENTASE PEREMPUAN: 36,4%",,,,,
"7
PARTAI DEMOKRAT
",,,,,
NOMOR URUT,PAS FOTO,,NAMA LENGKAP,JENIS KELAMIN (L/P),KABUPATEN/KOTA (TEMPAT TINGGAL BAKAL CALON)
1,,,"MIRWAN SYAMSUDIN SYUKUR, S.H., M.M.",L,BANTUL
2,,,"Hj. ERLIA RISTI, S.E.",P,KOTA YOGYAKARTA
3,,,RIO ERWIN SETIAWAN,L,KOTA YOGYAKARTA
4,,,SUPRIYANTO,L,BANTUL
5,,,BETHANIA,P,KOTA YOGYAKARTA
6,,,AGUSTIN WAHYU WIDAYATI,P,SLEMAN
7,,,FITRI ASTUTI,P,KULON PROGO
8,,,ANTONIA SAWITRI,P,SLEMAN
9,,,WING SURAHYEM,P,GUNUNG KIDUL
,,,,,
,,,,,
"JUMLAH LAKI-LAKI: 3 JUMLAH PEREMPUAN: 6 PROSENTASE PEREMPUAN: 66,7%",,,,,
"8
PARTAI AMANAT NASIONAL
",,,,,
NOMOR URUT,PAS FOTO,,NAMA LENGKAP,JENIS KELAMIN (L/P),KABUPATEN/KOTA (TEMPAT TINGGAL BAKAL CALON)
1,,,"Hj. TUTIEK MASRIA WIDYO, S.E.",P,KOTA YOGYAKARTA
2,,,Drs. SUTATA,L,GUNUNGKIDUL
3,,,"ARIF SETIADI, S.IP.",L,GUNUNGKIDUL
4,,,"ROHADI, S.Pd.",L,BANTUL
5,,,M. YOGANDHA TYASMOKO,L,GUNUNGKIDUL
6,,,SUKASMIRAH,P,GUNUNGKIDUL
7,,,"PUGUD AGIL ARDINA, S.Psi.",L,GUNUNGKIDUL
8,,,WARNI,P,GUNUNGKIDUL
9,,,"TRI IRAWATI, S.E., M.Si.",P,SUKOHARJO
10,,,SITI WIJAYANTI,P,GUNUNGKIDUL
11,,,"SHANTI WIBOWO, S.E.",L,KOTA YOGYAKARTA
"JUMLAH LAKI-LAKI: 6 JUMLAH PEREMPUAN: 5 PROSENTASE PEREMPUAN: 45,5%",,,,,
DAFTAR CALON TETAP,,,,,
ANGGOTA DEWAN PERWAKILAN RAKYAT DAERAH D.I. YOGYAKARTA PEMILIHAN UMUM TAHUN 2014,,,,,
PROVINSI : D.I. YOGYAKARTA,,,,,
DAERAH PEMILIHAN : D.I. YOGYAKARTA 7,,,,,
MODEL BD 1,,,,,
,,,,,
"9
PARTAI PERSATUAN PEMBANGUNAN
",,,,,
NOMOR URUT,PAS FOTO,,NAMA LENGKAP,JENIS KELAMIN (L/P),KABUPATEN/KOTA (TEMPAT TINGGAL BAKAL CALON)
1,,,H.M. DAWAM KARSAHUTAMA,L,BANTUL
2,,,"M. DARBAN ARIEF, S.E.",L,GUNUNGKIDUL
3,,,SRI WULANDARI,P,BANTUL
4,,,Drs. SUTARNO,L,GUNUNGKIDUL
5,,,WIGIT PRIANTA,L,GUNUNGKIDUL
6,,,RIRIN PURWANINGSIH,P,GUNUNGKIDUL
7,,,NURRISTI SUMBAWATI,P,GUNUNGKIDUL
8,,,SURADAL,L,GUNUNGKIDUL
9,,,"SITI YULIATI, S.Sos.",P,GUNUNGKIDUL
10,,,"Drs. H. MOHAMMAD ADNAN, M.M.",L,BANTUL
11,,,"BAMBANG HARYANA HS, S.IP.",L,MAGELANG
JUMLAH LAKI-LAKI: 7 JUMLAH PEREMPUAN: 4 PROSENTASE PEREMPUAN: 36.4%,,,,,
"10
PARTAI HATI NURANI RAKYAT
",,,,,
NOMOR URUT,PAS FOTO,,NAMA LENGKAP,JENIS KELAMIN (L/P),KABUPATEN/KOTA (TEMPAT TINGGAL BAKAL CALON)
1,,,"H.M. SUPAR SARWO PUTRO, S.H., M.M.",L,KOTA YOGYAKARTA
2,,,"AGUS SURYANTO HADI, S.H.",L,GUNUNGKIDUL
3,,,ETIK RAHMAWATI,P,GUNUNGKIDUL
4,,,"ANISHA YUNIAR KUSUMAWATI, S.H.",P,BANTUL
5,,,"Kol. Tek. (Purn.) SUBARDJO, S.E.",L,BANTUL
6,,,PARTINI,P,GUNUNGKIDUL
7,,,SARGIYANTO,L,BANTUL
,,,,,
,,,,,
,,,,,
,,,,,
"JUMLAH LAKI-LAKI: 4 JUMLAH PEREMPUAN: 3 PROSENTASE PEREMPUAN: 42,9%",,,,,
"14
PARTAI BULAN BINTANG
",,,,,
NOMOR URUT,PAS FOTO,,NAMA LENGKAP,JENIS KELAMIN (L/P),KABUPATEN/KOTA (TEMPAT TINGGAL BAKAL CALON)
1,,,"HENGKI KARDONO, S.T.",L,BEKASI
2,,,YUNARYATI,P,GUNUNGKIDUL
3,,,Drs. EDI IRIYANTO,L,GUNUNGKIDUL
4,,,SETIA WULANDARI YATNI,P,GUNUNGKIDUL
5,,,ACHMAD ZAINURI,L,GUNUNGKIDUL
6,,,SRI MURTININGSIH,P,GUNUNGKIDUL
,,,,,
,,,,,
,,,,,
,,,,,
,,,,,
JUMLAH LAKI-LAKI: 3 JUMLAH PEREMPUAN: 3 PROSENTASE PEREMPUAN: 50%,,,,,
"15
PARTAI KEADILAN DAN PERSATUAN INDONESIA
",,,,,
NOMOR URUT,PAS FOTO,,NAMA LENGKAP,JENIS KELAMIN (L/P),KABUPATEN/KOTA (TEMPAT TINGGAL BAKAL CALON)
1,,,"MOHAMMAD TIMOR RUMADIJARTO, S.H.",L,SLEMAN
2,,,MUSLIHAH,P,KOTA YOGYAKARTA
3,,,R. NURCAHYO,L,GUNUNG KIDUL
,,,,,
,,,,,
,,,,,
,,,,,
,,,,,
,,,,,
,,,,,
,,,,,
"JUMLAH LAKI-LAKI: 2 JUMLAH PEREMPUAN: 1 PROSENTASE PEREMPUAN: 33,3%",,,,,